{
  "main": {
    "id": "4339f6779742fedd",
    "type": "split",
    "children": [
      {
        "id": "f992a814eb06bbb6",
        "type": "tabs",
        "children": [
          {
            "id": "b82ee98e429b8c1a",
            "type": "leaf",
            "state": {
              "type": "empty",
              "state": {}
            }
          }
        ]
      }
    ],
    "direction": "vertical"
  },
  "left": {
    "id": "4b7a42240f63e25b",
    "type": "split",
    "children": [
      {
        "id": "230977847db61d97",
        "type": "tabs",
        "children": [
          {
            "id": "b42b1d2d2bdd5b9f",
            "type": "leaf",
            "state": {
              "type": "file-explorer",
              "state": {
                "sortOrder": "alphabetical"
              }
            }
          },
          {
            "id": "45380f98bbbfd789",
            "type": "leaf",
            "state": {
              "type": "search",
              "state": {
                "query": "",
                "matchingCase": false,
                "explainSearch": false,
                "collapseAll": false,
                "extraContext": false,
                "sortOrder": "alphabetical"
              }
            }
          },
          {
            "id": "4160fa434d900e0a",
            "type": "leaf",
            "state": {
              "type": "bookmarks",
              "state": {}
            }
          }
        ]
      }
    ],
    "direction": "horizontal",
    "width": 300
  },
  "right": {
    "id": "caccd78a360aa2d3",
    "type": "split",
    "children": [
      {
        "id": "981c2ef482545f86",
        "type": "tabs",
        "children": [
          {
            "id": "25dd2bc54ca17032",
            "type": "leaf",
            "state": {
              "type": "outline",
              "state": {}
            }
          },
          {
            "id": "275a8066542b9e0e",
            "type": "leaf",
            "state": {
              "type": "localgraph",
              "state": {
                "options": {
                  "collapse-filter": true,
                  "search": "",
                  "localJumps": 1,
                  "localBacklinks": true,
                  "localForelinks": true,
                  "localInterlinks": false,
                  "showTags": false,
                  "showAttachments": false,
                  "hideUnresolved": false,
                  "collapse-color-groups": true,
                  "colorGroups": [],
                  "collapse-display": true,
                  "showArrow": false,
                  "textFadeMultiplier": 0,
                  "nodeSizeMultiplier": 1,
                  "lineSizeMultiplier": 1,
                  "collapse-forces": true,
                  "centerStrength": 0.518713248970312,
                  "repelStrength": 10,
                  "linkStrength": 1,
                  "linkDistance": 250,
                  "scale": 1,
                  "close": false
                }
              }
            }
          },
          {
            "id": "aadc43912dd3cd57",
            "type": "leaf",
            "state": {
              "type": "calendar",
              "state": {}
            }
          },
          {
            "id": "92640bc246c7fe12",
            "type": "leaf",
            "state": {
              "type": "tag",
              "state": {
                "sortOrder": "frequency",
                "useHierarchy": true
              }
            }
          }
        ]
      }
    ],
    "direction": "horizontal",
    "width": 300
  },
  "left-ribbon": {
    "hiddenItems": {
      "switcher:Open quick switcher": false,
      "command-palette:Open command palette": false,
      "graph:Open graph view": false,
      "canvas:Create new canvas": true,
      "daily-notes:Open today's daily note": false,
      "templates:Insert template": true,
      "obsidian-kindle-plugin:Sync your Kindle highlights": false,
      "reverse-prompter:Generate reverse prompt": false
    }
  },
  "active": "25dd2bc54ca17032",
  "lastOpenFiles": [
    "2024",
    "Archive/Daily Notes",
    "Archive",
    "Welcome.md",
    "Anecdotes & Lessons.md",
    "Jokes & Sketches.md",
    "Opinions & Ideas.md",
    "Stories & Essays.md",
    "Thoughts & Memories.md",
    "Untitled.md",
    "Untitled 1.md"
  ]
}